{"town":{"name": "town","roomCollMapX": 8, "roomCollMapY": 17, "roomCollMap":[
	0, 0, 0, 0, 0, 0, 0, 0,
	0, 0, 0, 0, 0, 0, 0, 0,
	0, 0, 0, 0, 0, 0, 0, 0,
	0, 0, 0, 0, 0, 0, 0, 0,
	0, 0, 0, 0, 0, 0, 0, 0,
	0, 0, 0, 0, 0, 0, 0, 0,
	0, 0, 0, 0, 0, 0, 0, 0,
	0, 0, 0, 0, 0, 0, 0, 0,
	0, 0, 1, 1, 1, 1, 0, 0,
	1, 1, 1, 0, 1, 1, 1, 1,
	1, 0, 0, 0, 0, 0, 0, 1,
	1, 0, 0, 0, 0, 0, 0, 1,
	1, 0, 0, 0, 0, 0, 0, 1,
	1, 0, 0, 0, 0, 0, 0, 1,
	1, 0, 0, 0, 0, 0, 0, 1,
	1, 0, 0, 0, 0, 0, 0, 1,
	1, 1, 1, 1, 1, 1, 1, 1],
	"players": [],"collision":[250, 282.3529411764706, 375, 282.3529411764706, 500, 282.3529411764706, 625, 282.3529411764706, 0, 317.64705882352945, 125, 317.64705882352945, 250, 317.64705882352945, 500, 317.64705882352945, 625, 317.64705882352945, 750, 317.64705882352945, 875, 317.64705882352945, 0, 352.9411764705883, 875, 352.9411764705883, 0, 388.2352941176471, 875, 388.2352941176471, 0, 423.5294117647059, 875, 423.5294117647059, 0, 458.82352941176475, 875, 458.82352941176475, 0, 494.11764705882354, 875, 494.11764705882354, 0, 529.4117647058824, 875, 529.4117647058824, 0, 564.7058823529412, 125, 564.7058823529412, 250, 564.7058823529412, 375, 564.7058823529412, 500, 564.7058823529412, 625, 564.7058823529412, 750, 564.7058823529412, 875, 564.7058823529412],
	"exit":[710,430]
	}, 
	"cabin": {"name": "cabin",
	  "roomCollMapX": 12, "roomCollMapY": 17, "roomCollMap":[
	0, 0, 0, 0, 0, 0, 0, 0, 0, 0, 0, 0,
	0, 0, 0, 0, 0, 0, 0, 0, 0, 0, 0, 0,
	0, 0, 0, 0, 0, 0, 0, 0, 0, 0, 0, 0,
	0, 0, 0, 0, 0, 0, 0, 0, 0, 0, 0, 0,
	0, 0, 0, 0, 0, 0, 0, 0, 0, 0, 0, 0,
	0, 0, 0, 0, 0, 0, 0, 0, 0, 0, 0, 0,
	1, 1, 1, 1, 1, 1, 1, 1, 1, 1, 1, 1,
	1, 0, 0, 0, 0, 0, 0, 0, 0, 0, 0, 1,
	1, 0, 0, 0, 0, 0, 0, 0, 0, 0, 0, 1,
	1, 0, 0, 0, 0, 0, 0, 0, 0, 0, 0, 1,
	1, 0, 0, 0, 0, 0, 0, 0, 0, 0, 0, 1,
	1, 0, 0, 0, 0, 0, 0, 0, 0, 0, 0, 1,
	1, 0, 0, 0, 0, 0, 0, 0, 0, 0, 0, 1,
	1, 0, 0, 0, 0, 0, 0, 0, 0, 0, 0, 1,
	1, 0, 0, 0, 0, 0, 0, 0, 0, 0, 0, 1,
	1, 0, 0, 0, 0, 0, 0, 0, 0, 0, 0, 1,
	1, 1, 1, 1, 1, 1, 1, 1, 1, 1, 1, 1],
	"players": [],"collision":[0, 211.76470588235296, 83.33333333333333, 211.76470588235296, 166.66666666666666, 211.76470588235296, 250, 211.76470588235296, 333.3333333333333, 211.76470588235296, 416.66666666666663, 211.76470588235296, 500, 211.76470588235296, 583.3333333333333, 211.76470588235296, 666.6666666666666, 211.76470588235296, 750, 211.76470588235296, 833.3333333333333, 211.76470588235296, 916.6666666666666, 211.76470588235296, 0, 247.05882352941177, 916.6666666666666, 247.05882352941177, 0, 282.3529411764706, 916.6666666666666, 282.3529411764706, 0, 317.64705882352945, 916.6666666666666, 317.64705882352945, 0, 352.9411764705883, 916.6666666666666, 352.9411764705883, 0, 388.2352941176471, 916.6666666666666, 388.2352941176471, 0, 423.5294117647059, 916.6666666666666, 423.5294117647059, 0, 458.82352941176475, 916.6666666666666, 458.82352941176475, 0, 494.11764705882354, 916.6666666666666, 494.11764705882354, 0, 529.4117647058824, 916.6666666666666, 529.4117647058824, 0, 564.7058823529412, 83.33333333333333, 564.7058823529412, 166.66666666666666, 564.7058823529412, 250, 564.7058823529412, 333.3333333333333, 564.7058823529412, 416.66666666666663, 564.7058823529412, 500, 564.7058823529412, 583.3333333333333, 564.7058823529412, 666.6666666666666, 564.7058823529412, 750, 564.7058823529412, 833.3333333333333, 564.7058823529412, 916.6666666666666, 564.7058823529412],
	"exit":[505, 280]
	},
	"shop":{"name": "shop","roomCollMapX": 8, "roomCollMapY": 17, "roomCollMap":[
		0, 0, 0, 0, 0, 0, 0, 0,
		0, 0, 0, 0, 0, 0, 0, 0,
		0, 0, 0, 0, 0, 0, 0, 0,
		0, 0, 0, 0, 0, 0, 0, 0,
		0, 0, 0, 0, 0, 0, 0, 0,
		0, 0, 0, 0, 0, 0, 0, 0,
		0, 0, 0, 0, 0, 0, 0, 0,
		0, 0, 0, 0, 0, 0, 0, 0,
		0, 0, 1, 1, 1, 1, 0, 0,
		1, 1, 1, 0, 1, 1, 1, 1,
		1, 0, 0, 0, 0, 0, 0, 1,
		1, 0, 0, 0, 0, 0, 0, 1,
		1, 0, 0, 0, 0, 0, 0, 1,
		1, 0, 0, 0, 0, 0, 0, 1,
		1, 0, 0, 0, 0, 0, 0, 1,
		1, 0, 0, 0, 0, 0, 0, 1,
		1, 1, 1, 1, 1, 1, 1, 1],
		"players": [],"collision":[250, 282.3529411764706, 375, 282.3529411764706, 500, 282.3529411764706, 625, 282.3529411764706, 0, 317.64705882352945, 125, 317.64705882352945, 250, 317.64705882352945, 500, 317.64705882352945, 625, 317.64705882352945, 750, 317.64705882352945, 875, 317.64705882352945, 0, 352.9411764705883, 875, 352.9411764705883, 0, 388.2352941176471, 875, 388.2352941176471, 0, 423.5294117647059, 875, 423.5294117647059, 0, 458.82352941176475, 875, 458.82352941176475, 0, 494.11764705882354, 875, 494.11764705882354, 0, 529.4117647058824, 875, 529.4117647058824, 0, 564.7058823529412, 125, 564.7058823529412, 250, 564.7058823529412, 375, 564.7058823529412, 500, 564.7058823529412, 625, 564.7058823529412, 750, 564.7058823529412, 875, 564.7058823529412],
		"exit":[710,430]
		}

}