{"town":{"name": "town","roomCollMapX": 8, "roomCollMapY": 17, "roomCollMap":[
	0, 0, 0, 0, 0, 0, 0, 0,
	0, 0, 0, 0, 0, 0, 0, 0,
	0, 0, 0, 0, 0, 0, 0, 0,
	0, 0, 0, 0, 0, 0, 0, 0,
	0, 0, 0, 0, 0, 0, 0, 0,
	0, 0, 0, 0, 0, 0, 0, 0,
	0, 0, 0, 0, 0, 0, 0, 0,
	0, 0, 0, 0, 0, 0, 0, 0,
	0, 0, 1, 1, 1, 1, 0, 0,
	1, 1, 1, 0, 1, 1, 1, 1,
	1, 0, 0, 0, 0, 0, 0, 1,
	1, 0, 0, 0, 0, 0, 0, 1,
	1, 0, 0, 0, 0, 0, 0, 1,
	1, 0, 0, 0, 0, 0, 0, 1,
	1, 0, 0, 0, 0, 0, 0, 1,
	1, 0, 0, 0, 0, 0, 0, 1,
	1, 1, 1, 1, 1, 1, 1, 1],
	"players": [],"collision":[200, 235.2941176470588, 300, 235.2941176470588, 400, 235.2941176470588, 500, 235.2941176470588, 0, 264.70588235294116, 100, 264.70588235294116, 200, 264.70588235294116, 400, 264.70588235294116, 500, 264.70588235294116, 600, 264.70588235294116, 700, 264.70588235294116, 0, 294.11764705882354, 700, 294.11764705882354, 0, 323.52941176470586, 700, 323.52941176470586, 0, 352.94117647058823, 700, 352.94117647058823, 0, 382.35294117647055, 700, 382.35294117647055, 0, 411.7647058823529, 700, 411.7647058823529, 0, 441.17647058823525, 700, 441.17647058823525, 0, 470.5882352941176, 100, 470.5882352941176, 200, 470.5882352941176, 300, 470.5882352941176, 400, 470.5882352941176, 500, 470.5882352941176, 600, 470.5882352941176, 700, 470.5882352941176]
	}, 
	"cabin": {"name": "cabin",
	  "roomCollMapX": 12, "roomCollMapY": 17, "roomCollMap":[
	0, 0, 0, 0, 0, 0, 0, 0, 0, 0, 0, 0,
	0, 0, 0, 0, 0, 0, 0, 0, 0, 0, 0, 0,
	0, 0, 0, 0, 0, 0, 0, 0, 0, 0, 0, 0,
	0, 0, 0, 0, 0, 0, 0, 0, 0, 0, 0, 0,
	0, 0, 0, 0, 0, 0, 0, 0, 0, 0, 0, 0,
	0, 0, 0, 0, 0, 0, 0, 0, 0, 0, 0, 0,
	1, 1, 1, 1, 1, 1, 1, 1, 1, 1, 1, 1,
	1, 0, 0, 0, 0, 0, 0, 0, 0, 0, 0, 1,
	1, 0, 0, 0, 0, 0, 0, 0, 0, 0, 0, 1,
	1, 0, 0, 0, 0, 0, 0, 0, 0, 0, 0, 1,
	1, 0, 0, 0, 0, 0, 0, 0, 0, 0, 0, 1,
	1, 0, 0, 0, 0, 0, 0, 0, 0, 0, 0, 1,
	1, 0, 0, 0, 0, 0, 0, 0, 0, 0, 0, 1,
	1, 0, 0, 0, 0, 0, 0, 0, 0, 0, 0, 1,
	1, 0, 0, 0, 0, 0, 0, 0, 0, 0, 0, 1,
	1, 0, 0, 0, 0, 0, 0, 0, 0, 0, 0, 1,
	1, 1, 1, 1, 1, 1, 1, 1, 1, 1, 1, 1],
	"players": [],"collision":[0,176.47058823529412,66.66666666666667,176.47058823529412,133.33333333333334,176.47058823529412,200,176.47058823529412,266.6666666666667,176.47058823529412,333.33333333333337,176.47058823529412,400,176.47058823529412,466.6666666666667,176.47058823529412,533.3333333333334,176.47058823529412,600,176.47058823529412,666.6666666666667,176.47058823529412,733.3333333333334,176.47058823529412,0,205.88235294117646,733.3333333333334,205.88235294117646,0,235.2941176470588,733.3333333333334,235.2941176470588,0,264.70588235294116,733.3333333333334,264.70588235294116,0,294.11764705882354,733.3333333333334,294.11764705882354,0,323.52941176470586,733.3333333333334,323.52941176470586,0,352.94117647058823,733.3333333333334,352.94117647058823,0,382.35294117647055,733.3333333333334,382.35294117647055,0,411.7647058823529,733.3333333333334,411.7647058823529,0,441.17647058823525,733.3333333333334,441.17647058823525,0,470.5882352941176,66.66666666666667,470.5882352941176,133.33333333333334,470.5882352941176,200,470.5882352941176,266.6666666666667,470.5882352941176,333.33333333333337,470.5882352941176,400,470.5882352941176,466.6666666666667,470.5882352941176,533.3333333333334,470.5882352941176,600,470.5882352941176,666.6666666666667,470.5882352941176,733.3333333333334,470.5882352941176]
	}

}